﻿{
  "schema": "qx_frame.config.json",
  "description": "configuration file about qx_frame app start",
  "database": {
    "connectionStrings": {
      "QX_Frame_Default": "data source=.;initial catalog=DB_QX_Frame_MS_CMS;persist security info=True;user id=sa;password=CYj(9yyz*8;MultipleActiveResultSets=True;App=EntityFramework",
      "ConnectionString_DB_QX_Frame_CMS": "data source=.;initial catalog=DB_QX_Frame_MS_CMS;persist security info=True;user id=sa;password=CYj(9yyz*8;MultipleActiveResultSets=True;App=EntityFramework",
      "ConnectionString_DB_QX_Frame_User": "data source=.;initial catalog=DB_QX_Frame_MS_User;persist security info=True;user id=Sa;password=CYj(9yyz*8;MultipleActiveResultSets=True;App=EntityFramework"
    }
  },
  "log": {
    "Log_Location_General": "Log_QX_Frame/Log_QX_Frame_General/",
    "Log_Location_Error": "Log_QX_Frame/Log_QX_Frame_Error/",
    "Log_Location_Use": "Log_QX_Frame/Log_QX_Frame_Use/"
  },
  "cache": {
    "IsCache": 1,
    "CacheExpirationTime_Minutes": 10,
    "Cache_Redis_Host_ReadWrite_Array": [ "101.201.66.247:6379" ],
    "Cache_Redis_Host_OnlyRead_Array": [ "101.201.66.247:6379" ]
  },
  "rabbitmq": {
    "Host": "amqp://127.0.0.1:5672/",
    "UserName": "guest",
    "Password": "guest",
    "VirtualHost": "dnt_mq",
    "RequestedHeartBeat": 0
  },
  "authentication": {
    "Auth_Token_expireTime_days": 0,
    "Auth_Token_expireTime_hours": 0,
    "Auth_Token_expireTime_minutes": 30
  }
}